CountyFIPS,Spatial_Proximity ,Dissimilarity,Isolation ,Delta,Absolute_Centralization,Relative_Centralization,State_Name,State_Abbreviation,State_FIPS
10001,0.9062253669808731,0.2943593851348353,0.5844585757458869,0.6906780048567948,-0.0007705177879534508,0.1337308236262924,Delaware,DE,10
10003,0.8984930717888739,0.4420434197995845,0.4728327154895544,0.6029455783655703,-0.01221063160903113,-0.007900547401000324,Delaware,DE,10
10005,0.9404986522486491,0.418557964921772,0.7220162108263694,0.49093772761542076,-0.01935507838620998,-0.2076294745234506,Delaware,DE,10
